number,status,notes
+911800100001,Completed,Mock call succeeded
+911800100002,Completed,Mock call succeeded
+911800100003,Completed,Mock call succeeded
+911800100004,Completed,Mock call succeeded
+911800100005,Completed,Mock call succeeded
+911800100006,Completed,Mock call succeeded
+911800100007,Completed,Mock call succeeded
+911800100008,Completed,Mock call succeeded
+911800100009,Completed,Mock call succeeded
+911800100010,Completed,Mock call succeeded
+911800100011,Completed,Mock call succeeded
+911800100012,Completed,Mock call succeeded
+911800100013,Completed,Mock call succeeded
+911800100014,Completed,Mock call succeeded
+911800100015,Completed,Mock call succeeded
+911800100016,Completed,Mock call succeeded
+911800100017,Completed,Mock call succeeded
+911800100018,Completed,Mock call succeeded
+911800100019,Completed,Mock call succeeded
+911800100020,Completed,Mock call succeeded
+911800100021,Completed,Mock call succeeded
+911800100022,Completed,Mock call succeeded
+911800100023,Completed,Mock call succeeded
+911800100024,Completed,Mock call succeeded
+911800100025,Completed,Mock call succeeded
+911800100026,Completed,Mock call succeeded
+911800100027,Completed,Mock call succeeded
+911800100028,Completed,Mock call succeeded
+911800100029,Completed,Mock call succeeded
+911800100030,Completed,Mock call succeeded
+911800100031,Completed,Mock call succeeded
+911800100032,Completed,Mock call succeeded
+911800100033,Completed,Mock call succeeded
+911800100034,Completed,Mock call succeeded
+911800100035,Completed,Mock call succeeded
+911800100036,Completed,Mock call succeeded
+911800100037,Completed,Mock call succeeded
+911800100038,Completed,Mock call succeeded
+911800100039,Completed,Mock call succeeded
+911800100040,Completed,Mock call succeeded
+911800100041,Completed,Mock call succeeded
+911800100042,Completed,Mock call succeeded
+911800100043,Completed,Mock call succeeded
+911800100044,Completed,Mock call succeeded
+911800100045,Completed,Mock call succeeded
+911800100046,Completed,Mock call succeeded
+911800100047,Completed,Mock call succeeded
+911800100048,Completed,Mock call succeeded
+911800100049,Completed,Mock call succeeded
+911800100050,Completed,Mock call succeeded
+911800100051,Completed,Mock call succeeded
+911800100052,Completed,Mock call succeeded
+911800100053,Completed,Mock call succeeded
+911800100054,Completed,Mock call succeeded
+911800100055,Completed,Mock call succeeded
+911800100056,Completed,Mock call succeeded
+911800100057,Completed,Mock call succeeded
+911800100058,Completed,Mock call succeeded
+911800100059,Completed,Mock call succeeded
+911800100060,Completed,Mock call succeeded
+911800100061,Completed,Mock call succeeded
+911800100062,Completed,Mock call succeeded
+911800100063,Completed,Mock call succeeded
+911800100064,Completed,Mock call succeeded
+911800100065,Completed,Mock call succeeded
+911800100066,Completed,Mock call succeeded
+911800100067,Completed,Mock call succeeded
+911800100068,Completed,Mock call succeeded
+911800100069,Completed,Mock call succeeded
+911800100070,Completed,Mock call succeeded
+911800100071,Completed,Mock call succeeded
+911800100072,Completed,Mock call succeeded
+911800100073,Completed,Mock call succeeded
+911800100074,Completed,Mock call succeeded
+911800100075,Completed,Mock call succeeded
+911800100076,Completed,Mock call succeeded
+911800100077,Completed,Mock call succeeded
+911800100078,Completed,Mock call succeeded
+911800100079,Completed,Mock call succeeded
+911800100080,Completed,Mock call succeeded
+911800100081,Completed,Mock call succeeded
+911800100082,Completed,Mock call succeeded
+911800100083,Completed,Mock call succeeded
+911800100084,Completed,Mock call succeeded
+911800100085,Completed,Mock call succeeded
+911800100086,Completed,Mock call succeeded
+911800100087,Completed,Mock call succeeded
+911800100088,Completed,Mock call succeeded
+911800100089,Completed,Mock call succeeded
+911800100090,Completed,Mock call succeeded
+911800100091,Completed,Mock call succeeded
+911800100092,Completed,Mock call succeeded
+911800100093,Completed,Mock call succeeded
+911800100094,Completed,Mock call succeeded
+911800100095,Completed,Mock call succeeded
+911800100096,Completed,Mock call succeeded
+911800100097,Completed,Mock call succeeded
+911800100098,Completed,Mock call succeeded
+911800100099,Completed,Mock call succeeded
+911800100100,Completed,Mock call succeeded
